lead_id,company_size,industry,website_visits,email_opens,demo_requests,sales_calls,annual_revenue,conversion_probability,converted
1,Small,SaaS,35,5,2,1,3.69,0.55,1
2,Medium,Logistics,28,8,1,3,38.88,0.59,1
3,Small,SaaS,35,10,2,5,2.01,0.81,1
4,Large,Healthcare,28,3,3,2,263.62,0.51,1
5,Small,Retail,1,12,0,4,3.14,0.41,0
6,Large,Retail,19,11,5,4,473.0,0.72,0
7,Large,Retail,35,2,4,1,489.01,0.55,0
8,Large,E-commerce,4,11,5,0,476.02,0.41,0
9,Large,Manufacturing,20,11,1,3,332.93,0.57,1
10,Small,E-commerce,23,11,0,2,3.01,0.53,1
11,Large,SaaS,10,15,1,5,79.0,0.63,0
12,Large,E-commerce,35,10,1,3,333.21,0.7,1
13,Small,Retail,18,14,3,3,4.1,0.67,1
14,Medium,SaaS,45,14,4,0,10.8,0.85,0
15,Large,Retail,35,10,1,4,309.59,0.74,0
16,Small,Logistics,3,3,3,4,4.28,0.34,0
17,Medium,Manufacturing,1,14,1,3,42.2,0.44,0
18,Medium,Retail,10,1,1,3,11.6,0.27,0
19,Small,Retail,16,13,5,3,4.99,0.69,0
20,Medium,Retail,41,10,2,5,40.5,0.87,0
21,Medium,Healthcare,2,3,0,4,5.83,0.24,0
22,Medium,Logistics,45,11,4,3,48.54,0.91,0
23,Large,Manufacturing,4,8,1,2,375.39,0.31,0
24,Small,Healthcare,11,2,4,0,4.85,0.27,0
25,Large,Retail,23,9,0,2,453.21,0.49,0
26,Medium,Manufacturing,16,9,5,3,32.6,0.61,1
27,Large,SaaS,41,10,2,5,111.16,0.87,1
28,Large,SaaS,27,8,5,2,364.88,0.66,1
29,Small,Finance,24,5,0,1,4.12,0.38,0
30,Medium,Manufacturing,27,4,4,4,8.95,0.63,0
31,Small,SaaS,4,6,0,0,2.24,0.16,0
32,Small,Healthcare,39,0,2,1,2.48,0.49,0
33,Large,Finance,19,3,1,1,83.67,0.32,0
34,Medium,SaaS,39,6,3,0,40.55,0.6,0
35,Medium,Manufacturing,25,15,2,0,28.17,0.61,1
36,Large,Healthcare,25,2,2,2,114.73,0.43,0
37,Large,Finance,44,5,0,5,60.33,0.74,1
38,Medium,Logistics,21,2,0,3,20.09,0.37,0
39,Medium,Healthcare,31,14,1,5,35.77,0.82,1
40,Medium,Manufacturing,2,7,4,3,16.72,0.4,0
41,Medium,Logistics,6,9,3,1,48.89,0.37,0
42,Medium,SaaS,44,11,5,0,23.62,0.81,1
43,Small,Manufacturing,7,2,4,3,1.09,0.35,0
44,Large,Retail,33,0,0,4,292.36,0.49,0
45,Medium,SaaS,32,5,4,4,6.15,0.7,0
46,Small,Logistics,15,4,3,2,1.4,0.4,0
47,Large,Logistics,41,15,4,3,315.93,0.95,1
48,Large,Healthcare,7,14,1,2,365.28,0.46,0
49,Large,Logistics,5,2,1,1,437.43,0.16,0
50,Medium,Finance,26,14,1,0,45.61,0.57,1
51,Medium,Finance,9,11,2,5,47.75,0.57,0
52,Large,Healthcare,41,10,4,3,476.68,0.85,1
53,Medium,Manufacturing,28,12,0,4,19.64,0.68,1
54,Large,Retail,16,4,3,5,83.91,0.53,1
55,Large,Retail,49,4,4,3,342.44,0.81,1
56,Medium,Logistics,47,6,5,2,24.46,0.82,1
57,Medium,Healthcare,6,11,0,3,47.23,0.4,0
58,Small,Retail,17,0,5,2,4.72,0.4,0
59,Medium,SaaS,13,13,0,5,35.1,0.59,1
60,Medium,Logistics,26,13,1,1,11.03,0.59,1
61,Large,Finance,12,4,1,2,342.67,0.31,0
62,Small,Logistics,30,11,3,3,2.52,0.73,1
63,Medium,Finance,30,9,4,2,37.33,0.68,1
64,Small,Finance,4,7,3,3,3.43,0.39,0
65,Large,E-commerce,13,7,0,1,118.31,0.31,0
66,Small,Manufacturing,40,7,2,3,1.72,0.72,1
67,Large,Logistics,25,10,5,4,314.57,0.76,1
68,Medium,Finance,33,9,5,2,37.95,0.74,1
69,Small,Finance,20,6,5,1,1.63,0.51,0
70,Medium,Finance,31,6,4,1,13.22,0.59,1
71,Small,Finance,28,11,0,5,3.97,0.7,0
72,Medium,Finance,5,6,5,2,47.62,0.4,0
73,Large,Logistics,13,15,5,5,391.83,0.78,0
74,Medium,Logistics,10,0,1,4,43.59,0.29,0
75,Large,Healthcare,30,14,1,0,419.26,0.61,0
76,Large,Logistics,7,7,4,1,319.42,0.37,0
77,Medium,Logistics,11,7,2,3,32.99,0.43,0
78,Large,E-commerce,46,4,5,2,216.05,0.77,1
79,Large,E-commerce,30,4,2,4,259.03,0.6,0
80,Large,Logistics,8,8,0,5,182.5,0.44,0
81,Small,Finance,6,7,1,1,1.64,0.27,0
82,Small,SaaS,43,2,4,3,3.09,0.71,0
83,Small,Finance,12,8,3,2,1.32,0.45,0
84,Large,Retail,12,2,2,4,231.05,0.38,0
85,Small,Manufacturing,31,14,4,0,4.73,0.71,1
86,Small,Manufacturing,42,12,4,0,4.64,0.78,1
87,Large,SaaS,24,10,3,4,165.59,0.69,1
88,Large,Logistics,30,14,0,4,184.17,0.74,1
89,Medium,Logistics,50,13,1,1,7.53,0.83,1
90,Small,Manufacturing,23,4,3,3,4.14,0.52,1
91,Small,Healthcare,8,3,5,0,2.78,0.29,0
92,Small,E-commerce,25,9,2,1,2.95,0.53,1
93,Small,Finance,41,1,2,3,4.85,0.61,1
94,Small,Manufacturing,29,9,2,3,2.31,0.65,1
95,Medium,Healthcare,27,5,1,0,29.21,0.4,0
96,Small,Retail,20,4,5,4,3.46,0.59,1
97,Small,Manufacturing,12,10,0,4,2.02,0.48,0
98,Small,Logistics,26,7,2,0,3.59,0.46,0
99,Medium,Finance,4,9,0,5,26.19,0.42,0
100,Large,Logistics,47,1,0,1,372.91,0.53,1
101,Large,Finance,30,0,2,3,109.94,0.48,0
102,Large,SaaS,50,1,0,3,440.32,0.64,1
103,Small,Healthcare,47,7,2,3,3.95,0.79,1
104,Large,E-commerce,30,12,4,1,264.6,0.7,0
105,Large,Retail,28,6,2,5,216.19,0.66,1
106,Medium,SaaS,50,0,4,1,8.6,0.66,0
107,Large,Manufacturing,27,2,3,5,148.19,0.6,1
108,Large,Finance,28,10,5,0,227.91,0.63,1
109,Small,Finance,4,10,2,2,3.21,0.38,0
110,Small,Retail,14,10,1,2,2.15,0.45,0
111,Large,SaaS,16,6,4,5,308.66,0.6,1
112,Medium,E-commerce,16,5,3,3,33.53,0.47,0
113,Small,SaaS,21,15,0,3,3.01,0.63,0
114,Medium,Manufacturing,41,0,2,3,46.97,0.59,0
115,Small,Retail,30,12,3,1,4.85,0.67,0
116,Small,Healthcare,16,15,2,5,2.51,0.72,0
117,Medium,Retail,31,3,5,4,9.33,0.68,0
118,Medium,E-commerce,22,6,3,1,39.86,0.47,0
119,Large,Logistics,4,14,4,2,143.84,0.52,0
120,Large,SaaS,6,4,0,0,65.21,0.14,0
121,Large,Healthcare,30,6,3,2,110.32,0.59,1
122,Small,E-commerce,18,3,3,3,4.46,0.45,0
123,Small,E-commerce,26,0,3,5,2.8,0.55,0
124,Large,SaaS,11,1,0,1,125.87,0.17,0
125,Large,SaaS,45,15,5,4,446.62,1.0,1
126,Large,Logistics,36,6,5,0,372.4,0.63,1
127,Small,Finance,6,6,5,1,1.61,0.37,0
128,Medium,Retail,16,12,4,3,35.58,0.64,0
129,Medium,Healthcare,10,11,5,4,15.86,0.63,1
130,Large,Retail,50,1,4,2,398.67,0.72,0
131,Medium,E-commerce,4,4,1,1,48.18,0.19,0
132,Small,Retail,1,12,2,4,3.68,0.47,0
133,Large,E-commerce,7,8,5,0,494.6,0.38,0
134,Medium,E-commerce,18,13,1,5,26.31,0.67,1
135,Medium,Logistics,2,2,5,2,30.68,0.29,0
136,Large,Manufacturing,13,5,4,5,464.79,0.55,1
137,Large,Manufacturing,37,4,4,5,471.63,0.77,1
138,Medium,Logistics,25,5,2,5,28.43,0.61,1
139,Medium,SaaS,42,14,5,4,30.47,1.0,1
140,Large,Finance,32,1,2,3,388.81,0.52,1
141,Large,Logistics,27,10,2,0,219.41,0.53,0
142,Small,Finance,24,0,0,4,1.88,0.4,0
143,Medium,Healthcare,40,10,1,4,26.34,0.79,1
144,Small,Finance,27,3,5,4,1.54,0.64,0
145,Small,SaaS,42,5,1,4,2.86,0.71,1
146,Medium,Manufacturing,14,12,2,0,45.12,0.44,0
147,Small,Manufacturing,14,8,5,4,3.14,0.61,1
148,Medium,Finance,20,7,0,4,17.45,0.5,0
149,Medium,Retail,49,0,2,1,31.18,0.59,1
150,Medium,SaaS,21,5,4,0,36.43,0.43,0
151,Small,Healthcare,7,2,5,1,3.87,0.3,0
152,Large,Manufacturing,29,14,5,1,288.83,0.76,0
153,Large,Manufacturing,3,3,2,1,400.51,0.19,0
154,Small,E-commerce,29,0,2,1,2.58,0.39,0
155,Medium,SaaS,47,10,0,2,17.38,0.75,1
156,Small,SaaS,5,9,1,4,4.42,0.42,0
157,Large,Manufacturing,27,15,1,4,406.18,0.76,1
158,Large,Manufacturing,28,4,2,1,101.41,0.46,0
159,Medium,Finance,45,12,0,4,42.85,0.85,1
160,Small,Finance,36,6,4,1,4.75,0.64,1
161,Small,Retail,45,3,1,1,3.94,0.58,0
162,Large,Finance,30,9,0,5,465.48,0.68,1
163,Small,Logistics,8,9,0,4,1.14,0.42,0
164,Small,Healthcare,7,1,4,5,1.67,0.41,0
165,Small,Healthcare,32,7,1,1,2.13,0.53,1
166,Medium,Retail,10,10,4,0,32.49,0.42,0
167,Small,Finance,25,11,3,5,3.03,0.76,0
168,Large,SaaS,31,3,3,5,218.38,0.66,1
169,Large,E-commerce,31,12,4,0,201.8,0.67,1
170,Large,Retail,25,13,0,5,264.31,0.71,1
171,Medium,Finance,43,3,1,4,17.75,0.68,0
172,Small,Logistics,10,3,0,1,2.43,0.2,0
173,Medium,E-commerce,27,5,4,0,24.18,0.49,0
174,Medium,Finance,39,7,1,3,37.25,0.68,1
175,Small,E-commerce,4,15,2,2,4.43,0.48,0
176,Small,E-commerce,32,12,0,0,3.74,0.56,1
177,Medium,Retail,40,4,0,5,8.87,0.68,1
178,Small,Retail,9,15,5,5,3.99,0.74,1
179,Large,Finance,46,12,3,0,493.97,0.79,1
180,Large,Retail,27,10,1,2,322.41,0.58,1
181,Medium,Logistics,4,10,3,1,10.8,0.37,0
182,Large,Manufacturing,3,12,1,1,321.31,0.34,0
183,Medium,Finance,4,3,5,2,46.6,0.33,0
184,Small,E-commerce,3,3,3,1,1.97,0.22,0
185,Small,Manufacturing,4,8,3,4,4.25,0.45,0
186,Medium,Finance,35,12,4,3,29.69,0.83,0
187,Medium,Retail,37,14,0,3,38.48,0.77,1
188,Large,Logistics,20,1,0,4,105.13,0.38,0
189,Small,Logistics,26,10,1,5,4.28,0.69,1
190,Small,Logistics,21,3,2,2,2.11,0.41,0
191,Medium,Retail,1,2,2,1,42.98,0.15,0
192,Large,Logistics,12,1,1,0,258.94,0.17,0
193,Medium,Logistics,42,12,3,3,45.81,0.87,1
194,Large,SaaS,46,4,0,2,350.11,0.62,1
195,Small,Retail,1,11,1,3,1.46,0.38,0
196,Large,Healthcare,46,6,4,2,156.11,0.78,1
197,Medium,Retail,11,3,0,4,38.83,0.33,0
198,Large,SaaS,21,8,5,5,236.62,0.72,1
199,Small,Manufacturing,11,4,5,2,1.41,0.42,0
200,Small,SaaS,1,0,5,5,3.83,0.36,0
201,Medium,Finance,37,14,0,0,42.56,0.65,1
202,Large,E-commerce,32,10,5,0,390.2,0.67,1
203,Medium,Finance,32,2,5,1,43.29,0.55,0
204,Medium,Finance,42,1,3,1,17.69,0.57,1
205,Medium,Finance,27,12,1,2,24.09,0.62,1
206,Medium,Manufacturing,26,3,1,5,19.89,0.55,1
207,Medium,E-commerce,4,1,1,5,19.87,0.29,0
208,Small,Healthcare,3,13,0,2,2.53,0.37,0
209,Small,Finance,21,2,4,0,4.34,0.37,0
210,Large,E-commerce,38,6,4,1,133.2,0.66,1
211,Small,Healthcare,46,14,2,2,3.64,0.88,0
212,Small,Healthcare,29,2,3,3,1.07,0.54,1
213,Large,Manufacturing,24,14,3,1,77.27,0.65,0
214,Large,Manufacturing,46,8,4,5,484.67,0.94,1
215,Medium,E-commerce,48,13,2,2,24.5,0.88,0
216,Medium,Retail,3,8,3,5,29.3,0.48,0
217,Medium,Finance,29,4,5,3,29.85,0.64,1
218,Medium,E-commerce,16,1,4,2,44.76,0.38,0
219,Medium,E-commerce,10,3,3,5,23.92,0.45,0
220,Small,Manufacturing,48,7,0,1,1.67,0.66,1
221,Large,Finance,30,12,5,3,248.72,0.81,0
222,Medium,Logistics,31,1,0,3,19.08,0.45,0
223,Medium,E-commerce,37,7,3,0,30.12,0.6,0
224,Medium,Manufacturing,47,9,2,3,19.8,0.83,1
225,Medium,SaaS,26,12,5,1,36.85,0.69,0
226,Small,SaaS,37,6,3,2,3.5,0.66,1
227,Medium,Finance,23,1,1,3,15.12,0.4,0
228,Large,Finance,50,4,2,1,489.77,0.68,0
229,Medium,SaaS,49,2,3,3,6.48,0.74,1
230,Large,SaaS,2,0,2,0,148.92,0.08,0
231,Large,Retail,34,9,5,1,226.94,0.71,1
232,Small,Finance,19,13,0,2,2.28,0.53,1
233,Medium,Retail,9,13,4,5,33.03,0.67,1
234,Large,Healthcare,12,10,5,2,166.36,0.55,1
235,Large,Logistics,19,15,0,1,152.51,0.53,1
236,Medium,Finance,47,10,5,1,38.27,0.86,1
237,Small,E-commerce,50,9,0,1,3.8,0.72,1
238,Medium,Finance,26,14,0,4,35.17,0.7,1
239,Large,Logistics,26,8,5,3,490.63,0.69,1
240,Large,SaaS,49,6,1,5,497.46,0.84,0
241,Large,SaaS,20,7,3,2,429.39,0.51,1
242,Small,Healthcare,38,1,5,1,2.03,0.59,1
243,Medium,SaaS,42,14,0,0,23.11,0.7,1
244,Medium,SaaS,6,15,3,1,38.48,0.49,0
245,Medium,Retail,4,5,0,1,13.87,0.18,0
246,Medium,SaaS,26,3,5,4,25.17,0.63,1
247,Large,Retail,44,7,0,3,207.1,0.7,0
248,Medium,Logistics,27,14,2,4,24.46,0.77,1
249,Small,Logistics,35,6,4,0,2.95,0.59,1
250,Small,Healthcare,16,13,3,1,4.9,0.55,1
251,Small,E-commerce,36,3,2,1,3.38,0.52,1
252,Medium,Healthcare,3,0,2,1,7.81,0.13,0
253,Large,Finance,31,15,4,0,364.37,0.73,1
254,Small,Finance,6,9,3,0,3.22,0.33,0
255,Medium,Healthcare,30,7,1,4,15.57,0.63,1
256,Medium,Finance,39,2,5,5,9.72,0.78,1
257,Medium,Healthcare,31,7,5,4,9.1,0.76,1
258,Small,Finance,39,12,1,1,3.97,0.7,1
259,Small,Manufacturing,42,2,0,0,1.94,0.46,0
260,Small,E-commerce,47,3,2,0,2.98,0.59,1
261,Medium,Manufacturing,35,5,0,2,33.37,0.53,1
262,Medium,E-commerce,45,8,1,1,25.3,0.68,1
263,Medium,Retail,21,10,0,5,13.29,0.61,1
264,Large,Manufacturing,48,1,4,2,346.95,0.7,0
265,Medium,Healthcare,2,9,2,0,42.67,0.26,0
266,Large,E-commerce,27,6,3,1,260.04,0.52,1
267,Small,Finance,25,12,0,5,4.73,0.69,1
268,Small,Logistics,50,6,1,4,3.33,0.81,1
269,Small,Logistics,18,8,3,5,3.41,0.63,1
270,Medium,Retail,42,5,4,0,49.27,0.64,0
271,Large,Manufacturing,28,1,2,5,463.45,0.56,0
272,Small,Finance,15,2,1,4,2.42,0.38,0
273,Small,SaaS,2,10,3,1,2.09,0.35,0
274,Large,Retail,27,11,1,5,415.98,0.72,1
275,Large,E-commerce,2,10,0,5,258.73,0.42,0
276,Medium,Logistics,50,10,2,4,20.68,0.92,0
277,Medium,Retail,2,7,0,5,9.06,0.36,0
278,Large,Manufacturing,21,1,3,5,203.04,0.52,1
279,Small,Retail,32,3,2,2,2.75,0.52,1
280,Large,Retail,1,12,3,2,315.58,0.42,0
281,Small,Healthcare,17,6,2,4,4.49,0.51,0
282,Medium,Logistics,41,14,5,0,13.65,0.84,0
283,Small,Manufacturing,42,3,4,2,2.98,0.68,1
284,Medium,Manufacturing,19,13,2,1,13.74,0.55,1
285,Large,Healthcare,47,6,2,5,445.09,0.85,1
286,Large,Manufacturing,8,15,3,5,343.4,0.67,0
287,Large,Finance,48,11,4,3,82.02,0.94,1
288,Small,Retail,15,0,2,1,2.74,0.25,0
289,Small,Retail,37,2,1,1,4.68,0.48,0
290,Large,Retail,38,13,3,2,257.37,0.81,1
291,Medium,Logistics,11,15,2,4,21.29,0.63,0
292,Large,Finance,9,11,2,5,250.19,0.57,0
293,Small,E-commerce,9,0,5,2,2.41,0.32,0
294,Medium,Finance,34,2,3,1,26.53,0.51,0
295,Large,Healthcare,43,13,3,2,97.9,0.86,0
296,Small,Retail,2,15,5,0,3.29,0.47,0
297,Small,Healthcare,20,3,5,3,1.45,0.53,0
298,Medium,Healthcare,42,11,0,4,49.6,0.8,1
299,Large,Manufacturing,44,5,0,5,296.05,0.74,0
300,Medium,Logistics,40,3,3,1,10.12,0.59,1
301,Small,E-commerce,40,14,5,3,2.26,0.95,1
302,Medium,SaaS,6,13,5,1,38.19,0.51,1
303,Small,Logistics,42,15,0,5,1.49,0.92,1
304,Small,Healthcare,49,12,0,2,2.99,0.81,0
305,Small,Logistics,38,14,3,2,3.49,0.83,0
306,Medium,Logistics,11,5,2,4,29.49,0.43,0
307,Medium,Finance,28,8,2,1,9.96,0.54,0
308,Small,SaaS,26,11,2,0,3.63,0.54,1
309,Medium,Manufacturing,6,7,2,2,36.15,0.34,0
310,Small,SaaS,28,5,1,1,1.55,0.45,0
311,Small,SaaS,34,10,1,1,3.27,0.61,1
312,Large,SaaS,39,0,1,3,439.46,0.54,1
313,Small,E-commerce,31,1,1,1,1.68,0.4,0
314,Small,SaaS,30,14,5,5,4.71,0.93,1
315,Medium,Finance,16,0,5,0,42.71,0.31,0
316,Medium,Finance,17,4,1,4,44.89,0.44,0
317,Small,Retail,24,5,0,4,3.13,0.5,0
318,Medium,Finance,48,8,0,1,25.09,0.68,1
319,Large,Retail,29,6,5,1,421.48,0.6,1
320,Small,Retail,39,15,3,1,2.99,0.82,1
321,Medium,Healthcare,39,7,4,0,44.4,0.65,0
322,Small,Logistics,33,3,4,2,1.94,0.59,1
323,Small,Healthcare,30,5,3,0,1.3,0.49,0
324,Small,Manufacturing,35,7,5,3,2.83,0.76,1
325,Medium,Logistics,10,1,3,3,17.68,0.33,0
326,Medium,SaaS,33,1,4,0,25.67,0.47,0
327,Medium,Manufacturing,27,9,1,0,21.18,0.48,0
328,Small,Retail,19,10,3,0,2.54,0.48,0
329,Large,Healthcare,2,5,2,1,222.18,0.22,0
330,Medium,Retail,23,1,0,2,30.49,0.33,0
331,Small,SaaS,45,14,5,0,3.47,0.88,1
332,Large,Manufacturing,25,15,2,3,357.26,0.73,1
333,Large,Manufacturing,37,1,4,3,350.67,0.63,1
334,Small,SaaS,16,0,0,1,4.16,0.2,0
335,Medium,Finance,36,7,3,1,10.99,0.63,0
336,Small,Manufacturing,50,4,3,1,2.12,0.71,0
337,Small,SaaS,45,14,1,3,3.2,0.88,0
338,Small,Logistics,28,1,5,3,3.34,0.57,1
339,Large,Finance,18,15,2,4,175.58,0.7,1
340,Large,Healthcare,1,5,4,1,257.88,0.27,0
341,Medium,Finance,4,4,3,0,45.5,0.21,0
342,Small,Retail,5,8,3,0,3.64,0.3,0
343,Large,E-commerce,3,1,3,3,422.17,0.26,0
344,Large,Manufacturing,7,0,0,1,250.17,0.11,0
345,Small,Retail,41,9,1,3,4.03,0.74,1
346,Large,Manufacturing,24,15,0,1,275.88,0.58,1
347,Medium,E-commerce,22,7,1,4,43.93,0.55,0
348,Medium,Manufacturing,47,6,5,0,33.69,0.74,1
349,Medium,Healthcare,16,5,2,1,48.5,0.36,0
350,Medium,SaaS,27,4,5,1,47.38,0.54,1
351,Large,E-commerce,38,10,3,2,334.29,0.75,0
352,Large,E-commerce,2,11,2,4,498.19,0.46,0
353,Medium,Manufacturing,23,10,3,2,24.27,0.6,1
354,Small,Retail,38,3,1,2,2.91,0.55,1
355,Small,Retail,47,9,0,5,2.67,0.85,1
356,Small,SaaS,10,7,2,5,3.74,0.5,0
357,Large,SaaS,37,0,5,0,107.16,0.52,0
358,Medium,Retail,23,4,4,5,48.59,0.63,1
359,Large,E-commerce,33,14,2,5,98.88,0.87,0
360,Medium,Healthcare,2,15,2,1,28.76,0.42,0
361,Small,Manufacturing,44,12,1,1,4.8,0.75,1
362,Large,Logistics,43,10,0,5,161.15,0.83,0
363,Small,Retail,20,8,5,3,1.41,0.63,1
364,Large,E-commerce,3,12,1,4,108.2,0.46,0
365,Large,Finance,46,4,2,3,119.74,0.72,0
366,Large,E-commerce,41,5,4,5,303.43,0.83,1
367,Large,Healthcare,4,12,2,2,108.54,0.42,0
368,Large,Finance,30,7,3,0,52.71,0.53,1
369,Small,Logistics,10,0,3,5,2.11,0.39,0
370,Medium,Finance,9,0,0,3,39.15,0.21,0
371,Medium,SaaS,35,13,1,5,12.27,0.84,0
372,Small,Retail,9,10,1,4,1.34,0.48,0
373,Small,Logistics,13,1,5,3,1.7,0.42,0
374,Large,Healthcare,38,14,5,5,381.27,1.0,1
375,Large,Retail,4,6,5,4,123.88,0.47,0
376,Large,Healthcare,31,9,2,3,121.17,0.67,0
377,Small,SaaS,25,1,2,1,2.5,0.37,0
378,Large,Finance,48,8,3,4,232.04,0.89,0
379,Small,Retail,36,6,4,4,1.47,0.76,0
380,Small,Finance,19,15,5,1,1.1,0.68,0
381,Small,Healthcare,44,1,4,1,3.48,0.62,1
382,Small,Retail,43,6,0,3,3.28,0.67,1
383,Medium,Finance,19,14,2,1,34.35,0.57,1
384,Medium,E-commerce,23,0,0,1,11.16,0.27,0
385,Large,Manufacturing,23,12,3,5,91.67,0.76,1
386,Small,Manufacturing,27,1,4,1,2.09,0.45,0
387,Medium,SaaS,7,3,0,1,14.85,0.17,0
388,Small,Finance,3,10,1,4,4.08,0.42,0
389,Small,Finance,48,1,4,2,1.14,0.7,0
390,Large,Logistics,29,8,4,0,134.82,0.57,1
391,Large,Logistics,36,4,5,5,50.67,0.79,1
392,Small,Finance,6,14,3,5,4.71,0.63,1
393,Small,Healthcare,47,13,4,4,3.42,1.0,1
394,Large,Manufacturing,44,0,5,3,462.4,0.71,1
395,Medium,Finance,21,15,3,2,17.75,0.68,1
396,Medium,E-commerce,2,1,1,5,45.39,0.27,0
397,Small,Manufacturing,36,13,2,1,2.63,0.72,1
398,Small,Retail,21,12,5,2,4.67,0.68,1
399,Medium,Healthcare,3,7,1,1,20.13,0.24,0
400,Medium,Finance,25,0,3,5,31.05,0.54,0
401,Large,Healthcare,3,14,4,2,110.73,0.51,1
402,Medium,SaaS,49,4,4,3,27.32,0.81,1
403,Small,SaaS,11,14,4,1,4.76,0.55,0
404,Large,E-commerce,5,7,3,1,311.05,0.32,0
405,Large,SaaS,38,8,4,5,465.43,0.86,0
406,Medium,Manufacturing,5,10,1,2,5.18,0.36,0
407,Medium,Finance,5,0,4,4,13.97,0.33,0
408,Large,SaaS,18,6,3,0,462.1,0.39,0
409,Medium,Finance,36,1,1,2,12.23,0.49,0
410,Small,Manufacturing,1,3,2,0,1.72,0.13,0
411,Small,Manufacturing,33,10,0,0,1.6,0.53,0
412,Large,E-commerce,49,6,2,0,238.89,0.67,1
413,Small,SaaS,40,4,1,0,4.53,0.51,0
414,Large,Logistics,11,9,0,0,284.74,0.29,0
415,Large,Finance,19,5,1,5,445.77,0.52,1
416,Large,SaaS,49,8,0,2,236.24,0.73,1
417,Medium,SaaS,14,6,2,4,26.11,0.48,0
418,Small,E-commerce,40,10,2,0,3.1,0.66,1
419,Medium,Healthcare,13,1,5,4,36.6,0.46,0
420,Medium,SaaS,5,2,1,1,21.04,0.16,0
421,Medium,SaaS,47,15,3,4,37.04,1.0,0
422,Small,Retail,41,2,0,1,1.68,0.49,0
423,Small,E-commerce,30,9,4,3,2.72,0.72,1
424,Medium,Logistics,17,7,5,1,25.26,0.5,0
425,Small,Retail,28,10,3,5,3.95,0.77,0
426,Medium,SaaS,3,14,2,3,9.21,0.49,0
427,Large,Manufacturing,6,1,4,5,263.29,0.4,0
428,Medium,SaaS,40,10,0,1,25.59,0.64,1
429,Medium,Finance,44,11,3,2,28.36,0.83,0
430,Small,Retail,9,7,3,2,4.07,0.4,0
431,Medium,E-commerce,34,10,5,0,15.73,0.69,1
432,Large,SaaS,29,1,0,4,197.8,0.47,0
433,Small,Logistics,21,0,5,1,4.45,0.4,0
434,Small,Manufacturing,7,15,3,2,2.7,0.54,0
435,Medium,Finance,36,7,3,3,29.98,0.71,0
436,Medium,SaaS,50,0,4,1,8.65,0.66,0
437,Medium,Manufacturing,39,7,1,2,30.37,0.64,1
438,Medium,Manufacturing,5,2,1,5,29.67,0.32,0
439,Small,E-commerce,3,10,3,4,3.88,0.48,0
440,Large,Retail,49,0,1,0,303.35,0.52,1
441,Small,Manufacturing,34,8,5,5,3.84,0.85,0
442,Medium,Logistics,45,9,0,1,43.83,0.67,1
443,Medium,E-commerce,45,0,0,2,9.78,0.53,1
444,Medium,Logistics,35,4,3,4,6.56,0.68,1
445,Large,Finance,23,1,5,4,136.5,0.56,1
446,Small,Manufacturing,40,9,0,4,3.97,0.74,1
447,Large,Retail,10,2,4,3,461.85,0.38,0
448,Large,SaaS,17,9,2,2,183.28,0.49,0
449,Medium,Finance,34,14,2,0,40.74,0.68,1
450,Medium,E-commerce,44,7,0,0,49.82,0.58,1
451,Small,Manufacturing,2,4,5,4,3.82,0.41,0
452,Medium,Retail,25,15,1,5,30.19,0.78,1
453,Large,SaaS,2,8,0,2,368.67,0.26,0
454,Medium,Finance,32,7,2,0,5.65,0.52,1
455,Medium,Retail,11,1,3,0,7.71,0.22,0
456,Small,Logistics,5,15,5,0,1.15,0.5,0
457,Small,Retail,12,3,1,1,1.06,0.25,0
458,Medium,E-commerce,10,5,5,2,24.83,0.43,0
459,Large,Finance,29,8,1,1,251.91,0.52,1
460,Medium,E-commerce,41,13,3,4,9.7,0.92,1
461,Medium,Logistics,21,11,0,0,40.79,0.43,0
462,Medium,SaaS,40,0,0,0,45.99,0.4,0
463,Large,SaaS,15,9,0,2,159.14,0.41,0
464,Large,Manufacturing,29,10,3,5,113.8,0.78,1
465,Medium,SaaS,7,3,3,5,5.9,0.42,0
466,Medium,SaaS,19,15,1,0,5.56,0.52,1
467,Small,Logistics,37,5,5,4,2.15,0.78,1
468,Medium,E-commerce,25,0,5,5,21.77,0.6,1
469,Large,Manufacturing,24,4,1,1,458.53,0.39,0
470,Small,E-commerce,2,8,5,5,4.75,0.53,1
471,Large,SaaS,6,14,4,3,426.97,0.58,1
472,Medium,SaaS,5,13,1,5,37.46,0.54,1
473,Medium,SaaS,47,12,3,4,33.82,0.96,1
474,Small,Logistics,23,10,4,4,2.99,0.71,1
475,Medium,SaaS,5,1,2,3,47.17,0.25,0
476,Medium,E-commerce,39,0,5,1,46.4,0.58,1
477,Medium,E-commerce,34,13,5,5,12.88,0.95,1
478,Medium,Logistics,29,3,4,0,37.08,0.47,0
479,Small,Retail,9,10,1,2,2.18,0.4,0
480,Large,Manufacturing,1,7,2,2,488.54,0.29,0
481,Large,SaaS,33,5,0,3,434.61,0.55,0
482,Large,Manufacturing,15,15,1,5,246.37,0.68,1
483,Medium,Finance,15,9,5,2,16.01,0.56,0
484,Medium,SaaS,50,13,3,3,19.13,0.97,1
485,Large,Manufacturing,26,12,3,5,327.58,0.79,1
486,Large,Finance,32,3,0,0,340.12,0.38,0
487,Large,E-commerce,4,15,2,1,87.52,0.44,0
488,Medium,SaaS,25,8,1,3,38.55,0.56,1
489,Small,Manufacturing,26,9,3,1,4.24,0.57,1
490,Medium,SaaS,41,9,2,0,22.54,0.65,0
491,Small,Finance,7,4,3,5,2.59,0.44,0
492,Small,SaaS,6,12,0,4,3.31,0.46,0
493,Small,SaaS,45,4,3,4,2.03,0.78,0
494,Small,Finance,32,14,5,0,3.26,0.75,1
495,Medium,Retail,43,9,0,5,31.27,0.81,1
496,Small,Logistics,1,7,1,2,4.0,0.26,0
497,Large,Healthcare,17,6,1,2,426.41,0.4,0
498,Large,Finance,49,9,2,5,488.21,0.93,1
499,Small,Retail,9,1,3,1,4.86,0.24,0
500,Medium,Logistics,8,12,4,5,38.17,0.64,0
501,Medium,SaaS,2,10,2,0,32.8,0.28,0
502,Large,E-commerce,48,3,1,0,230.3,0.57,1
503,Medium,E-commerce,20,4,4,2,44.91,0.48,0
504,Medium,E-commerce,2,9,1,3,47.41,0.35,0
505,Small,Manufacturing,46,8,1,3,3.32,0.77,0
506,Large,Healthcare,35,14,3,5,225.13,0.92,1
507,Small,E-commerce,1,9,0,2,2.2,0.27,0
508,Medium,SaaS,36,13,1,4,7.39,0.81,1
509,Medium,Retail,15,3,4,1,43.28,0.37,0
510,Small,Logistics,18,14,3,2,3.22,0.63,1
511,Medium,Healthcare,17,0,2,2,36.86,0.31,0
512,Large,E-commerce,16,7,1,1,175.75,0.37,0
513,Small,Logistics,23,11,0,1,4.92,0.49,0
514,Medium,Healthcare,48,8,4,1,48.48,0.8,1
515,Large,Manufacturing,35,7,0,4,473.69,0.65,1
516,Small,Manufacturing,10,0,0,0,2.01,0.1,0
517,Medium,SaaS,7,15,2,1,9.3,0.47,0
518,Medium,Manufacturing,23,4,0,0,24.97,0.31,0
519,Small,Healthcare,3,8,5,4,3.31,0.5,0
520,Small,E-commerce,46,4,2,3,2.28,0.72,1
521,Medium,SaaS,37,12,0,1,11.42,0.65,1
522,Large,Manufacturing,24,6,5,0,461.56,0.51,1
523,Small,E-commerce,24,0,5,0,2.97,0.39,0
524,Large,Manufacturing,20,5,4,0,299.63,0.42,0
525,Large,Retail,50,0,4,5,476.6,0.82,0
526,Medium,SaaS,5,12,3,5,46.42,0.58,1
527,Medium,E-commerce,5,13,0,1,13.69,0.35,0
528,Small,SaaS,16,13,3,2,4.09,0.59,0
529,Medium,Finance,5,11,2,4,48.79,0.49,0
530,Small,Logistics,38,14,0,4,3.02,0.82,0
531,Small,Manufacturing,23,15,4,2,1.97,0.73,1
532,Large,Retail,43,7,1,1,276.95,0.64,0
533,Small,Healthcare,31,3,4,5,4.83,0.69,1
534,Small,Logistics,28,11,1,2,4.09,0.61,1
535,Large,E-commerce,32,15,5,2,179.78,0.85,0
536,Medium,Manufacturing,31,3,4,0,38.86,0.49,0
537,Medium,Retail,31,2,1,4,5.67,0.54,1
538,Large,Finance,8,10,0,2,460.06,0.36,0
539,Small,Retail,35,14,5,2,3.91,0.86,1
540,Small,Healthcare,16,10,1,3,3.58,0.51,0
541,Large,Retail,14,14,1,0,456.55,0.45,0
542,Medium,SaaS,25,1,0,0,22.8,0.27,0
543,Small,Retail,35,15,4,3,4.18,0.89,1
544,Large,Healthcare,32,2,2,2,329.87,0.5,0
545,Large,Manufacturing,48,8,1,2,271.35,0.75,1
546,Small,Logistics,43,4,2,3,1.27,0.69,1
547,Large,SaaS,27,9,4,1,134.11,0.61,0
548,Large,Logistics,9,15,2,3,226.85,0.57,1
549,Large,Manufacturing,46,5,4,3,133.49,0.8,0
550,Large,E-commerce,35,5,1,1,220.72,0.52,1
551,Small,Retail,36,3,0,0,4.69,0.42,0
552,Large,Finance,26,6,2,4,411.22,0.6,1
553,Small,Manufacturing,12,13,5,0,3.81,0.53,1
554,Medium,Finance,34,14,0,3,40.53,0.74,1
555,Medium,E-commerce,19,4,0,0,36.54,0.27,0
556,Large,Healthcare,42,12,5,0,435.36,0.81,1
557,Small,Finance,39,4,3,5,2.66,0.76,1
558,Medium,E-commerce,7,3,0,2,40.79,0.21,0
559,Small,E-commerce,30,5,1,2,1.66,0.51,0
560,Medium,Finance,23,0,3,1,10.05,0.36,0
561,Medium,Manufacturing,32,4,1,3,13.81,0.55,0
562,Small,Logistics,50,5,4,2,2.21,0.8,0
563,Small,Retail,9,9,2,0,1.62,0.33,0
564,Medium,SaaS,12,6,2,4,48.32,0.46,0
565,Small,SaaS,30,10,1,0,3.5,0.53,1
566,Large,E-commerce,3,9,0,1,81.75,0.25,0
567,Small,Finance,27,15,1,1,1.93,0.64,0
568,Small,Manufacturing,17,6,2,3,2.46,0.47,0
569,Large,Manufacturing,39,10,3,2,402.78,0.76,0
570,Small,Retail,44,7,2,3,3.31,0.76,1
571,Medium,Logistics,3,12,0,3,12.88,0.39,0
572,Medium,Finance,6,8,2,3,45.57,0.4,0
573,Medium,Logistics,48,8,3,2,19.24,0.81,1
574,Medium,E-commerce,8,3,2,0,40.06,0.2,0
575,Large,Logistics,33,5,1,4,270.96,0.62,1
576,Small,SaaS,26,5,3,4,1.64,0.61,1
577,Large,E-commerce,17,7,2,0,81.42,0.37,0
578,Small,Logistics,6,14,4,2,3.49,0.54,0
579,Small,Retail,8,0,3,0,3.6,0.17,0
580,Medium,Logistics,32,0,1,5,47.33,0.55,1
581,Large,Finance,13,13,5,4,271.66,0.7,0
582,Small,Manufacturing,5,10,0,0,4.39,0.25,0
583,Medium,Retail,48,11,3,4,46.08,0.95,1
584,Medium,Finance,25,1,0,0,45.95,0.27,0
585,Large,Finance,1,8,0,2,161.6,0.25,0
586,Small,SaaS,14,9,2,3,1.45,0.5,0
587,Large,SaaS,42,9,0,5,318.05,0.8,1
588,Large,Finance,30,6,2,4,417.49,0.64,0
589,Small,SaaS,23,9,3,0,1.03,0.5,0
590,Small,Healthcare,30,12,3,1,2.09,0.67,1
591,Medium,SaaS,17,15,3,1,25.07,0.6,1
592,Large,E-commerce,35,11,4,1,436.96,0.73,1
593,Medium,Healthcare,32,12,3,0,36.85,0.65,0
594,Small,Logistics,25,15,4,4,4.4,0.83,1
595,Small,E-commerce,45,12,4,4,3.5,0.97,1
596,Medium,Retail,27,14,3,1,29.75,0.68,0
597,Large,Healthcare,43,10,2,1,236.65,0.73,1
598,Small,E-commerce,4,11,0,2,4.72,0.34,0
599,Small,Manufacturing,17,14,5,3,4.5,0.72,1
600,Large,Manufacturing,23,10,1,4,194.37,0.62,0
601,Small,Healthcare,35,15,3,1,1.52,0.78,1
602,Large,Finance,35,11,4,3,145.3,0.81,1
603,Medium,Logistics,17,6,0,0,15.25,0.29,0
604,Large,E-commerce,10,14,3,3,115.86,0.59,1
605,Large,E-commerce,31,3,4,4,303.17,0.65,0
606,Large,Healthcare,48,0,1,1,361.56,0.55,0
607,Large,SaaS,50,9,4,0,163.79,0.8,0
608,Large,Healthcare,12,2,4,5,213.78,0.48,0
609,Medium,Logistics,47,3,1,3,5.36,0.68,1
610,Small,Healthcare,11,14,4,3,1.3,0.63,1
611,Large,Retail,44,13,3,4,251.18,0.95,0
612,Medium,Manufacturing,36,10,2,4,42.83,0.78,1
613,Small,Healthcare,37,11,2,4,2.74,0.81,1
614,Large,E-commerce,22,14,0,2,452.96,0.58,1
615,Large,Retail,3,9,5,0,314.09,0.36,0
616,Large,Manufacturing,29,3,2,4,333.04,0.57,0
617,Small,Healthcare,2,15,0,2,1.45,0.4,0
618,Large,Healthcare,35,15,2,2,498.64,0.79,1
619,Large,Healthcare,30,14,2,5,245.77,0.84,1
620,Medium,Logistics,23,1,5,4,33.47,0.56,1
621,Medium,SaaS,31,14,2,0,17.97,0.65,1
622,Large,Healthcare,38,15,3,4,194.16,0.93,1
623,Small,Manufacturing,34,10,1,0,1.09,0.57,1
624,Large,Logistics,3,15,1,0,108.36,0.36,0
625,Large,Retail,3,1,3,5,86.78,0.34,0
626,Medium,Finance,37,11,5,2,21.52,0.82,0
627,Medium,Manufacturing,18,1,2,5,14.94,0.46,0
628,Small,Logistics,10,14,3,1,1.09,0.51,0
629,Medium,Healthcare,27,9,5,2,18.34,0.68,0
630,Medium,Logistics,22,1,5,5,5.55,0.59,1
631,Large,E-commerce,39,2,4,3,118.31,0.67,1
632,Large,Manufacturing,5,3,4,5,127.14,0.43,0
633,Small,Finance,13,4,4,3,3.22,0.45,0
634,Large,Logistics,42,12,4,2,400.64,0.86,1
635,Large,Manufacturing,46,1,1,2,408.3,0.59,1
636,Small,Healthcare,14,10,2,0,4.6,0.4,0
637,Large,SaaS,32,9,1,3,102.69,0.65,1
638,Large,Logistics,8,15,0,0,381.52,0.38,0
639,Medium,Retail,18,2,0,1,22.95,0.26,0
640,Medium,Manufacturing,32,5,1,2,33.97,0.53,1
641,Large,Retail,20,14,2,4,357.26,0.7,0
642,Small,Logistics,46,0,4,4,2.52,0.74,1
643,Medium,E-commerce,34,14,0,1,6.09,0.66,1
644,Small,Manufacturing,28,14,4,3,4.98,0.8,1
645,Small,SaaS,22,11,3,1,1.56,0.57,1
646,Small,Healthcare,6,12,2,2,2.92,0.44,0
647,Medium,Finance,12,5,5,2,47.03,0.45,0
648,Medium,Manufacturing,50,6,3,1,18.45,0.75,1
649,Large,E-commerce,19,12,2,2,445.7,0.57,1
650,Large,Manufacturing,45,10,2,5,396.45,0.91,0
651,Medium,Manufacturing,27,13,4,5,10.72,0.85,0
652,Small,Logistics,10,0,2,3,3.94,0.28,0
653,Medium,Finance,5,1,4,1,39.19,0.23,0
654,Large,E-commerce,21,6,3,4,135.64,0.58,1
655,Medium,Finance,17,12,5,4,39.17,0.72,0
656,Large,SaaS,15,7,1,3,221.76,0.44,0
657,Small,SaaS,5,6,5,1,4.96,0.36,0
658,Large,E-commerce,49,0,5,4,183.86,0.8,1
659,Large,SaaS,19,6,1,4,320.31,0.5,0
660,Large,Manufacturing,27,12,3,5,158.46,0.8,1
661,Medium,E-commerce,1,1,3,3,35.06,0.24,0
662,Medium,Healthcare,37,13,0,5,43.26,0.83,1
663,Large,Healthcare,36,3,3,0,394.61,0.51,1
664,Large,E-commerce,15,9,4,5,302.03,0.65,0
665,Small,Manufacturing,19,2,5,3,3.14,0.5,0
666,Large,Manufacturing,19,8,1,2,153.79,0.46,0
667,Medium,Logistics,12,10,2,3,24.11,0.5,0
668,Large,Retail,11,13,1,1,303.51,0.44,0
669,Medium,Manufacturing,18,15,1,2,47.43,0.59,0
670,Large,Healthcare,17,5,2,1,484.25,0.37,0
671,Small,Retail,40,8,0,2,1.36,0.64,1
672,Large,Finance,23,6,4,3,267.87,0.59,1
673,Medium,Manufacturing,45,9,2,0,25.86,0.69,1
674,Large,SaaS,8,12,4,2,195.59,0.52,1
675,Large,Logistics,33,5,0,0,62.96,0.43,0
676,Medium,E-commerce,13,15,3,4,12.6,0.68,1
677,Small,E-commerce,16,5,0,2,2.65,0.34,0
678,Medium,Finance,35,4,1,3,36.92,0.58,1
679,Large,Healthcare,7,12,1,2,425.75,0.42,0
680,Small,Logistics,35,7,2,4,2.16,0.71,0
681,Small,SaaS,1,11,0,3,3.95,0.35,0
682,Medium,E-commerce,35,13,0,0,49.16,0.61,1
683,Large,E-commerce,11,9,5,0,166.13,0.44,0
684,Large,Finance,44,14,4,2,179.62,0.92,1
685,Large,Manufacturing,22,6,3,3,150.84,0.55,1
686,Small,Manufacturing,7,1,0,2,3.55,0.17,0
687,Medium,Finance,20,13,5,5,48.7,0.81,0
688,Large,Finance,21,6,5,0,421.41,0.48,0
689,Small,SaaS,4,12,5,1,1.44,0.47,0
690,Small,Healthcare,50,9,3,3,4.39,0.89,1
691,Medium,Finance,5,2,3,1,37.32,0.22,0
692,Medium,Healthcare,26,15,0,3,23.78,0.68,1
693,Medium,Finance,21,2,3,0,41.04,0.34,0
694,Small,Manufacturing,20,4,5,0,4.92,0.43,0
695,Large,Logistics,27,9,0,2,420.19,0.53,1
696,Large,SaaS,44,5,2,4,79.06,0.76,1
697,Small,Manufacturing,44,13,3,2,2.75,0.87,1
698,Small,Finance,48,10,4,4,1.99,0.96,1
699,Large,Logistics,45,14,5,0,381.44,0.88,1
700,Large,Finance,34,8,2,5,50.44,0.76,1
701,Large,SaaS,34,5,5,4,170.54,0.75,0
702,Medium,Retail,33,15,5,4,43.38,0.94,1
703,Large,Retail,43,0,2,3,383.39,0.61,1
704,Large,E-commerce,9,0,5,5,363.38,0.44,0
705,Small,E-commerce,5,0,5,2,1.38,0.28,0
706,Large,Healthcare,31,12,4,5,129.92,0.87,0
707,Large,Healthcare,9,15,2,2,62.11,0.53,1
708,Large,Manufacturing,20,11,2,0,209.44,0.48,0
709,Large,Manufacturing,41,6,5,3,183.55,0.8,1
710,Medium,SaaS,29,3,2,5,24.0,0.61,0
711,Large,Finance,17,14,5,2,262.82,0.68,1
712,Small,Healthcare,37,4,2,1,3.56,0.55,0
713,Large,Finance,34,4,5,5,95.52,0.77,1
714,Medium,Logistics,1,4,2,2,36.12,0.23,0
715,Small,Logistics,32,5,5,0,2.25,0.57,1
716,Medium,SaaS,15,4,0,1,20.12,0.27,0
717,Medium,SaaS,46,14,0,4,44.18,0.9,1
718,Small,Retail,36,5,0,0,3.07,0.46,0
719,Large,SaaS,8,2,1,0,122.54,0.15,0
720,Medium,Retail,1,12,1,4,28.36,0.44,0
721,Small,Retail,32,7,5,5,2.19,0.81,1
722,Medium,Finance,34,15,2,4,38.13,0.86,1
723,Medium,Finance,37,9,4,0,11.9,0.67,1
724,Small,Retail,3,12,0,0,2.36,0.27,0
725,Small,SaaS,40,14,3,0,4.51,0.77,1
726,Medium,Manufacturing,40,8,2,5,7.24,0.82,0
727,Medium,SaaS,37,12,3,0,34.23,0.7,1
728,Small,Logistics,26,15,5,1,1.56,0.75,0
729,Small,Manufacturing,43,13,5,2,1.77,0.92,1
730,Small,Finance,37,8,1,1,2.84,0.6,1
731,Medium,Healthcare,8,6,3,0,42.19,0.29,0
732,Medium,Retail,45,10,4,0,13.09,0.77,0
733,Medium,Retail,20,12,3,2,27.07,0.61,1
734,Large,Manufacturing,3,7,0,2,61.72,0.25,0
735,Medium,Finance,31,10,4,0,7.11,0.63,1
736,Large,SaaS,2,2,3,2,354.23,0.23,0
737,Small,Finance,39,10,4,0,1.71,0.71,0
738,Large,Finance,46,7,5,5,281.15,0.95,1
739,Large,Manufacturing,35,13,5,4,164.58,0.92,0
740,Medium,Retail,18,0,4,4,28.79,0.46,0
741,Large,Finance,41,0,0,4,275.04,0.57,1
742,Small,E-commerce,10,5,3,5,4.9,0.49,0
743,Small,Finance,7,15,3,4,2.44,0.62,0
744,Large,SaaS,42,2,5,5,277.74,0.81,1
745,Large,Manufacturing,34,0,5,2,489.79,0.57,1
746,Medium,E-commerce,21,2,0,2,16.6,0.33,0
747,Medium,SaaS,11,8,3,2,24.49,0.44,0
748,Medium,Manufacturing,12,11,3,3,28.0,0.55,0
749,Large,Retail,18,11,3,1,363.83,0.53,0
750,Large,E-commerce,19,7,4,5,343.46,0.65,1
751,Small,SaaS,48,6,4,1,1.21,0.76,1
752,Medium,SaaS,20,1,1,3,7.84,0.37,0
753,Small,Retail,33,3,4,0,1.83,0.51,1
754,Medium,SaaS,26,3,5,4,32.58,0.63,0
755,Large,Finance,36,0,5,3,190.33,0.63,1
756,Large,E-commerce,45,12,0,4,334.4,0.85,0
757,Small,Retail,20,3,5,4,1.02,0.57,1
758,Large,Retail,14,1,3,5,274.93,0.45,0
759,Large,Finance,39,2,5,1,237.94,0.62,1
760,Medium,Healthcare,13,3,4,1,36.41,0.35,0
761,Large,Retail,12,10,5,0,166.14,0.47,0
762,Medium,Healthcare,12,6,1,2,9.2,0.35,0
763,Medium,Manufacturing,27,12,2,1,20.16,0.61,1
764,Medium,Finance,3,15,0,3,12.69,0.45,0
765,Large,Healthcare,13,6,5,2,338.46,0.48,0
766,Large,Logistics,27,12,0,4,396.74,0.67,1
767,Small,E-commerce,3,0,4,5,3.61,0.35,0
768,Medium,Manufacturing,48,13,5,3,38.91,1.0,0
769,Large,SaaS,6,12,0,3,63.74,0.42,0
770,Medium,Healthcare,26,13,0,5,8.98,0.72,1
771,Medium,Retail,3,4,4,2,43.99,0.31,0
772,Large,Logistics,17,9,0,2,392.42,0.43,0
773,Large,E-commerce,40,5,4,5,484.77,0.82,0
774,Large,Healthcare,16,3,0,4,463.53,0.38,0
775,Small,SaaS,46,5,3,3,4.72,0.77,1
776,Small,Finance,18,0,0,0,4.29,0.18,0
777,Medium,Logistics,6,4,4,1,35.36,0.3,0
778,Small,Healthcare,3,15,4,3,1.08,0.57,1
779,Small,SaaS,31,14,5,1,4.77,0.78,0
780,Large,Retail,18,14,5,0,114.33,0.61,1
781,Small,SaaS,39,11,5,4,1.57,0.92,1
782,Medium,Logistics,18,12,5,4,34.8,0.73,1
783,Large,Retail,13,3,1,5,114.89,0.42,0
784,Small,E-commerce,41,7,3,5,2.22,0.84,1
785,Small,Logistics,45,15,2,3,1.17,0.93,0
786,Large,Manufacturing,11,5,5,3,494.17,0.48,0
787,Medium,Healthcare,40,6,0,3,7.32,0.64,1
788,Large,Manufacturing,35,14,2,0,150.49,0.69,1
789,Medium,Manufacturing,32,7,5,4,20.97,0.77,0
790,Medium,SaaS,37,10,3,3,34.36,0.78,0
791,Large,Manufacturing,8,4,2,2,439.17,0.3,0
792,Medium,Manufacturing,49,0,5,3,37.85,0.76,0
793,Medium,Logistics,37,6,0,4,41.55,0.65,1
794,Small,Finance,50,14,3,1,2.82,0.91,0
795,Small,E-commerce,13,4,0,2,1.6,0.29,0
796,Small,E-commerce,42,11,2,1,2.32,0.74,1
797,Medium,SaaS,39,15,3,5,28.82,0.98,1
798,Large,Retail,38,0,3,2,438.03,0.55,1
799,Medium,Retail,20,4,2,3,8.24,0.46,0
800,Large,E-commerce,28,9,2,1,130.69,0.56,0
